Colleen,Joyner,commodo.auctor@elementumat.net,"Ap #697-1279 Nullam Road",30,Resident,4,F
Yoshio,Silva,fames@Cumsociisnatoque.co.uk,"Ap #327-6404 Dui St.",19,Resident,4,M
Rudyard,Duke,congue@consequatpurus.edu,"Ap #349-4938 Mauris. St.",25,Resident,8,M
Marvin,Ayala,Nulla.semper.tellus@laciniavitaesodales.co.uk,"876-1373 Luctus Av.",61,Non-Resident,16,M
Leah,Hyde,placerat@CurabiturmassaVestibulum.ca,"8691 Praesent Rd.",55,Resident,16,F
Uriel,Dixon,a.nunc.In@magna.ca,"667-571 Scelerisque Av.",70,Non-Resident,8,M
Octavius,King,ultricies@utnullaCras.com,"820 Aenean Street",19,Non-Resident,15,M
Ethan,Beach,ridiculus@idrisus.com,"933-5611 Amet Ave",51,Non-Resident,3,M
Robin,Merritt,aliquet@variusultricesmauris.ca,"581-9065 In Ave",63,Resident,2,M
Kenneth,Gay,fringilla.est.Mauris@liberonecligula.co.uk,"4093 Arcu. Av.",34,Non-Resident,12,M
Jolie,Holcomb,porttitor@metus.ca,"870-9936 Et Avenue",45,Resident,12,M
Ursula,Massey,laoreet.ipsum.Curabitur@ut.com,"235-6101 Lectus. Avenue",20,Resident,6,M
Phoebe,Farmer,cursus@venenatisvel.co.uk,"6904 Libero. Rd.",21,Non-Resident,3,F
Ursa,Bauer,magna@mauris.co.uk,"Ap #813-801 Urna. Road",29,Non-Resident,3,F
Genevieve,Estrada,lorem.ut.aliquam@Vivamuseuismodurna.net,"Ap #382-3200 Aliquam Rd.",53,Resident,15,F
Salvador,French,malesuada.ut@dignissim.net,"2581 Proin Road",40,Resident,20,M
Macy,Morrison,dis.parturient@quistristiqueac.co.uk,"1894 Nisi St.",19,Non-Resident,12,F
Aiko,Murray,Morbi@justo.org,"Ap #229-1454 Et Road",58,Resident,12,F
Herman,Barlow,Donec@pedeac.com,"136-4969 Vitae St.",28,Non-Resident,8,M
Reed,Ruiz,vel.venenatis@dictum.net,"9510 Nisi Street",54,Non-Resident,16,M
Xandra,Mason,iaculis.odio@molestieintempus.org,"7805 Urna. St.",66,Non-Resident,11,F
Kuame,Page,tincidunt.orci.quis@ullamcorperDuiscursus.co.uk,"640-1991 Dolor Av.",25,Non-Resident,19,M
Ora,Bird,nulla.magna.malesuada@elit.net,"Ap #106-8250 Integer Road",53,Non-Resident,2,F
Laura,Russo,sollicitudin.a.malesuada@sit.edu,"257-4349 Ante Rd.",26,Non-Resident,2,F
Graham,Bryan,Morbi.sit.amet@non.edu,"Ap #973-9221 Sem Avenue",57,Resident,19,M
Ali,Benton,at.lacus.Quisque@sem.co.uk,"792-8654 Libero Avenue",48,Non-Resident,5,M
Naida,Hanson,feugiat@egestasFuscealiquet.edu,"135-1477 Malesuada Avenue",26,Non-Resident,20,F
Ian,Oneal,turpis@Phasellusnulla.org,"Ap #136-9208 Quisque Avenue",45,Non-Resident,4,M
Aurelia,Alford,ipsum.non.arcu@volutpatnunc.org,"227-2359 Orci St.",53,Resident,17,F
Ria,Velazquez,Ut@blandit.ca,"225-7698 Ut Street",44,Resident,1,F
Scott,Noel,eleifend.Cras.sed@Cum.com,"631-5708 Integer Av.",27,Resident,3,M
Clinton,Morrow,sagittis.Nullam.vitae@semelitpharetra.ca,"119-5060 Erat Avenue",18,Resident,8,M
Mollie,Mendez,in@felis.co.uk,"1243 Nibh St.",63,Non-Resident,20,F
Joshua,Madden,eu.accumsan@rutrummagna.ca,"Ap #308-7107 Sed Rd.",38,Resident,7,M
Hamish,Middleton,natoque.penatibus@euneque.co.uk,"800-7456 Justo. St.",44,Non-Resident,1,M
Whilemina,Dodson,ipsum.Donec@sedleo.edu,"742-7666 Arcu Street",62,Resident,5,F
Martin,Mack,eleifend@Vivamussit.com,"Ap #170-9532 Imperdiet Street",31,Resident,15,M
Dalton,Maxwell,orci.quis.lectus@estac.net,"557-9140 Lorem Road",19,Resident,15,M
Keiko,Riggs,mi@enim.net,"6364 Sed Avenue",42,Non-Resident,13,F
Suki,Castaneda,ac.turpis.egestas@euismodacfermentum.com,"Ap #595-886 Eu St.",18,Non-Resident,10,F
Xena,Anderson,amet.orci.Ut@Ut.co.uk,"712-8047 Vivamus Av.",69,Resident,3,F
Mary,Perkins,cursus.vestibulum.Mauris@nostra.org,"612 A Avenue",35,Non-Resident,20,F
Daquan,Vega,odio.a.purus@a.org,"165-9768 Pede. St.",53,Resident,7,M
Dakota,Hopper,nascetur@blandit.org,"7487 Lorem. Ave",68,Non-Resident,13,F
May,Finch,habitant.morbi@mollisneccursus.org,"Ap #603-7184 Cum Road",40,Non-Resident,16,F
Emery,Carroll,nonummy@tempor.ca,"Ap #631-5035 Mauris St.",69,Non-Resident,17,M
Regan,Mathews,mi.Duis@ac.co.uk,"Ap #715-7337 Est Road",26,Non-Resident,9,F
Tiger,Stokes,semper.et.lacinia@arcuimperdiet.net,"Ap #782-5831 Iaculis Ave",36,Resident,5,M
Troy,Hill,ac.sem@montes.net,"502 Nonummy Street",52,Non-Resident,11,M
Griffith,Delacruz,sem.molestie.sodales@etnetuset.com,"615-9835 Natoque Ave",25,Resident,15,M
Forrest,Crosby,faucibus@Quisque.org,"8944 Cum Ave",51,Resident,11,M
Charles,Salinas,orci.adipiscing.non@montes.org,"Ap #222-3746 Velit. Avenue",22,Resident,20,M
Geraldine,Whitaker,rhoncus@non.net,"8188 Ut Av.",50,Non-Resident,18,F
Mia,Tyler,consequat.dolor.vitae@enimsitamet.edu,"749-6825 Id Av.",20,Non-Resident,16,F
Rhonda,Roberts,mi.enim@Nullamscelerisqueneque.edu,"524-9370 Adipiscing St.",40,Non-Resident,12,F
Deirdre,Haney,pretium@velvenenatisvel.edu,"7847 Vestibulum Rd.",44,Non-Resident,11,F
Martin,Keller,auctor@non.edu,"4750 A St.",49,Resident,8,M
Kyla,Ramos,velit.Aliquam.nisl@Utnecurna.edu,"3713 Eu St.",50,Non-Resident,18,F
Ariel,Shaw,mollis@nibh.co.uk,"345-6226 Malesuada Ave",43,Resident,9,F
Len,Frye,tellus.imperdiet.non@necanteMaecenas.com,"359-9293 Purus Avenue",37,Non-Resident,11,M
Mara,Peck,mus.Proin@ullamcorper.org,"460-3558 Etiam St.",49,Non-Resident,8,F
Caldwell,Byrd,egestas.Aliquam.nec@etultrices.org,"8046 Sed Street",40,Non-Resident,8,M
Hillary,Rivas,senectus.et.netus@bibendumDonecfelis.net,"Ap #165-5640 A St.",25,Resident,15,F
Jamal,Mayo,ante.Nunc.mauris@sit.ca,"Ap #125-1979 In Avenue",57,Resident,6,M
Kylan,Griffith,ipsum.ac@tristiquenequevenenatis.net,"Ap #673-4795 Eros. Av.",41,Resident,4,F
Nigel,Bowman,aliquam.iaculis.lacus@estmollisnon.edu,"9373 Massa St.",69,Non-Resident,8,M
Fitzgerald,Conley,eu@sapienimperdiet.net,"217-7965 Fusce Street",19,Non-Resident,17,M
Portia,Swanson,quis.arcu.vel@augueeutellus.com,"504-2904 Fringilla Rd.",57,Resident,9,F
Eric,Holland,penatibus.et@sedturpis.com,"454-804 Neque. St.",28,Non-Resident,7,M
Dylan,Cantu,mollis@ipsumCurabiturconsequat.ca,"710-5370 Tempor Av.",31,Non-Resident,11,M
Willa,Wolf,sodales.Mauris.blandit@eleifendnuncrisus.net,"798-6918 Nam Ave",53,Resident,16,F
Geoffrey,Bowen,Proin.sed@fermentumfermentumarcu.net,"5701 Pede. Rd.",36,Non-Resident,15,M
Adara,Byers,Suspendisse.non@diamSed.net,"4088 Ultricies St.",22,Non-Resident,2,F
Rhonda,Booker,erat@Aliquam.org,"Ap #633-8755 Pede. Av.",37,Resident,13,F
Raphael,Burch,luctus.ipsum.leo@infelisNulla.com,"4075 In Rd.",51,Resident,17,M
Hall,Sparks,at@dolorelit.ca,"574-4392 Integer St.",44,Non-Resident,8,M
Carter,Harris,eu.eleifend.nec@elementumpurusaccumsan.net,"Ap #545-9683 Orci Street",32,Non-Resident,15,M
Shaine,Nguyen,Proin@necorciDonec.ca,"Ap #870-1033 Felis Avenue",38,Resident,6,F
Yetta,Hancock,cursus.et.eros@Morbi.co.uk,"4242 Sapien Rd.",22,Non-Resident,3,F
Reese,Lewis,neque@Pellentesquehabitantmorbi.net,"2132 Pharetra Av.",30,Non-Resident,10,M
Thane,Grant,sed@hendreritaarcu.ca,"6293 Sem. Avenue",65,Non-Resident,19,M
Rose,Conner,non.lobortis@vitae.ca,"813-7783 Eu St.",58,Non-Resident,19,F
Marsden,Henry,eget.volutpat.ornare@Namporttitor.edu,"1015 Nisi Rd.",34,Non-Resident,10,M
Cheyenne,Horn,vel.arcu.Curabitur@velpedeblandit.co.uk,"Ap #860-2456 Velit Road",30,Non-Resident,10,F
Lacota,Cleveland,dictum.ultricies.ligula@Nullam.ca,"438-1458 Odio. St.",32,Non-Resident,20,F
Maggy,Roberson,urna.Nullam.lobortis@porttitortellusnon.edu,"5997 Erat Avenue",29,Non-Resident,14,F
Boris,Solomon,et.malesuada.fames@antelectusconvallis.edu,"888-2967 Aliquam Street",36,Resident,2,M
Allen,Roberson,consectetuer.adipiscing.elit@vestibulummassarutrum.net,"3910 Eget Avenue",47,Non-Resident,14,M
Holmes,Allison,neque.pellentesque@blandit.net,"Ap #428-5454 Imperdiet Avenue",22,Non-Resident,17,M
Fritz,Nielsen,eu@ultriciesadipiscing.edu,"3550 Interdum Avenue",22,Resident,2,M
Ulysses,Delacruz,malesuada.ut.sem@elitelitfermentum.net,"Ap #489-1329 Felis Rd.",51,Non-Resident,14,M
Yoshio,Medina,Nulla@netus.net,"523 Eu St.",37,Resident,8,M
Tanisha,Mitchell,augue.eu.tempor@Fuscediam.net,"330-1275 Non St.",36,Non-Resident,1,F
Karen,Hines,taciti.sociosqu.ad@eutellus.org,"Ap #392-2116 Dictum St.",33,Resident,15,F
Joy,Roach,Nam.tempor.diam@ametmassa.com,"791-4673 Adipiscing Ave",65,Non-Resident,12,F
Kelly,Gilbert,Etiam.imperdiet.dictum@miacmattis.ca,"379-1291 Quis Rd.",62,Non-Resident,6,M
Libby,Finch,vel.vulputate@tinciduntcongueturpis.net,"700-8080 Magna Av.",52,Resident,11,F
Gavin,Arnold,suscipit.est@turpisnec.org,"248-4597 Tempus Street",66,Resident,5,M
Mason,Higgins,Morbi.non.sapien@luctusCurabituregestas.com,"Ap #917-8304 Euismod Road",43,Non-Resident,18,M
Josiah,Whitney,diam.eu@dignissimpharetraNam.co.uk,"995-9643 Amet Road",25,Non-Resident,9,M
Margaret,Brock,Mauris@Integervitae.org,"Ap #344-3700 Est Street",46,Non-Resident,20,F
Brandon,Ross,eu@convallisligulaDonec.co.uk,"Ap #931-5369 Sed Road",31,Non-Resident,6,M
Gary,Hodges,sodales.elit.erat@Integer.org,"Ap #525-5458 Lacus Avenue",22,Resident,3,M
Yuli,Duffy,Aliquam@augue.co.uk,"Ap #794-641 Massa. Rd.",21,Resident,15,M
Sylvia,Eaton,orci@natoquepenatibuset.com,"Ap #324-2164 Id Ave",47,Non-Resident,13,F
Nora,Higgins,at@erat.com,"730-8641 Feugiat Street",33,Non-Resident,15,F
Owen,Mack,erat.semper@bibendumDonec.org,"Ap #519-4456 Cras Rd.",69,Non-Resident,8,M
Wade,Gonzales,ultrices.Vivamus@nullaInteger.edu,"4272 Fusce St.",29,Resident,17,M
Jackson,Rosario,velit.Sed.malesuada@acfeugiatnon.edu,"Ap #414-741 Cursus Street",18,Resident,1,M
Moses,Mosley,eros.non@etnetus.org,"3474 Tristique Ave",59,Non-Resident,13,M
Kenyon,Vance,et@risus.org,"177-9338 Sagittis. Street",62,Resident,6,M
Timon,Henson,accumsan.laoreet.ipsum@lobortis.edu,"Ap #806-8579 At St.",63,Non-Resident,2,M
Rinah,Juarez,non@aliquamarcuAliquam.ca,"224-1173 In Rd.",48,Resident,12,F
Rhona,Emerson,mattis.Cras.eget@Morbineque.co.uk,"223-4162 Dui Street",64,Resident,7,F
Mariam,Ramirez,Aenean@velvulputateeu.org,"Ap #303-4509 Elit Avenue",52,Non-Resident,3,F
Marcia,Villarreal,scelerisque.lorem@lacus.edu,"6137 Nullam Road",56,Non-Resident,2,F
Macon,Terrell,congue@vitae.com,"112-7146 Natoque St.",50,Non-Resident,18,M
Roth,Finch,Aliquam.nisl.Nulla@Morbi.co.uk,"168-8686 Et Road",45,Non-Resident,19,M
Jasmine,Chambers,velit.egestas@rutrumloremac.com,"Ap #161-8368 Metus Avenue",42,Non-Resident,14,F
Chelsea,Wong,ullamcorper.viverra.Maecenas@lacinia.org,"7136 Suspendisse Street",62,Resident,6,F
Xander,Boyle,eleifend.non@vitaeposuere.ca,"937-1274 Adipiscing St.",33,Non-Resident,19,M
Fleur,Reid,primis.in.faucibus@Aliquam.com,"919-3005 Vivamus Av.",54,Resident,17,F
Chase,Nguyen,lorem.ipsum.sodales@Praesentinterdum.net,"7610 Pede Rd.",48,Resident,7,M
Jerome,Valenzuela,Nullam.velit.dui@inconsequatenim.edu,"589-9108 Curabitur Avenue",32,Resident,11,M
Gregory,Snow,pede.nec.ante@consequat.ca,"668-1036 Ut St.",60,Resident,12,M
Karina,Levine,penatibus.et.magnis@tincidunt.co.uk,"Ap #518-9425 Dolor St.",65,Resident,20,F
Desiree,Gordon,sociis.natoque.penatibus@CraspellentesqueSed.edu,"5054 Risus. St.",26,Non-Resident,16,F
Bianca,Stone,pede.nonummy@Cras.net,"3629 Sem Ave",30,Resident,12,F
Kylee,Johnston,Vestibulum.accumsan.neque@justo.edu,"107-1438 In St.",36,Non-Resident,10,F
Jacqueline,Johnson,mi@Pellentesquehabitantmorbi.com,"112-5353 Enim Ave",29,Resident,10,F
Fiona,Avery,eget@purusinmolestie.edu,"6609 Vulputate St.",62,Non-Resident,17,F
Signe,Burton,non@ultrices.edu,"Ap #141-7315 Consectetuer Av.",61,Non-Resident,14,F
Hamish,Jacobson,pretium.aliquet@liberoProinmi.org,"264-1243 Commodo Street",31,Non-Resident,11,M
Autumn,Harvey,quam.quis@Donecnibh.net,"8606 Sem Ave",58,Non-Resident,12,F
Macaulay,Gill,mollis@aultriciesadipiscing.org,"7254 Eleifend. Rd.",37,Resident,10,M
Patricia,Price,vehicula@Donec.com,"Ap #440-7615 Egestas. Road",39,Resident,1,F
Ivy,Hodge,magna.Duis.dignissim@Phasellusin.net,"Ap #451-8208 Venenatis Avenue",18,Non-Resident,13,F
Lawrence,Jacobs,interdum.Nunc@eu.com,"129-2858 Ultrices Street",54,Resident,12,M
Ferris,Chen,tristique.ac@Maecenasmalesuadafringilla.co.uk,"Ap #500-2001 Nulla. Av.",53,Non-Resident,18,M
Brynne,Mendoza,Donec.at@maurisut.org,"238-8894 Luctus Street",68,Resident,16,F
Finn,Chen,Etiam.imperdiet@tristiqueneque.edu,"595-8895 Sit Rd.",32,Resident,13,M
Gabriel,Barber,molestie@Duisac.ca,"8908 Sapien. Rd.",57,Resident,14,M
Nelle,Bond,et.magnis@erosProinultrices.ca,"Ap #884-366 Nulla St.",68,Non-Resident,14,F
Daphne,Oneal,ullamcorper@sedpede.org,"2248 In Road",62,Non-Resident,19,F
Dahlia,Zamora,Duis.volutpat.nunc@eratvel.ca,"Ap #289-135 Sagittis. St.",54,Resident,11,F
Graiden,Valdez,in@tellus.ca,"Ap #593-3689 Cursus Avenue",38,Resident,8,M
Logan,Mullins,eu.turpis.Nulla@arcuVivamus.ca,"Ap #220-7249 Ut Avenue",70,Resident,16,M
Destiny,Weiss,in.aliquet@malesuada.co.uk,"Ap #246-7384 Lacus. St.",43,Resident,10,F
Zorita,Mcintyre,mauris.ipsum.porta@dolornonummyac.com,"5874 Sodales St.",56,Resident,3,F
Nita,Brooks,eu@felis.edu,"5079 Interdum Ave",38,Non-Resident,12,F
Angela,Huff,Ut@InfaucibusMorbi.ca,"Ap #786-8237 Morbi Road",19,Resident,2,F
Risa,Harrell,sit.amet@semelit.edu,"773-8776 Tellus Rd.",64,Non-Resident,18,F
Barbara,Wong,aliquam.adipiscing.lacus@nunc.co.uk,"456-7108 Cursus Rd.",62,Resident,7,F
Lewis,Knight,porttitor.eros.nec@Maecenasiaculisaliquet.co.uk,"Ap #621-2369 Sit Ave",67,Non-Resident,1,M
Hyacinth,Arnold,vitae.mauris@a.co.uk,"Ap #735-4430 Egestas. Avenue",26,Non-Resident,7,F
Ignatius,Roberson,cursus@Sed.org,"Ap #242-4898 Risus. Road",45,Non-Resident,10,M
Aquila,Delaney,eu.metus.In@auctornunc.net,"Ap #342-4344 Vel Street",31,Resident,7,M
Walter,Lang,augue.scelerisque@ametconsectetueradipiscing.net,"593-6774 Laoreet Street",29,Resident,16,M
Isabelle,Phillips,nonummy@liberoProin.ca,"5164 Lacus. Rd.",69,Non-Resident,20,F
Rebecca,Hewitt,Nullam.scelerisque@parturientmontes.com,"6035 Ut St.",55,Resident,12,F
Kaitlin,Franco,metus.urna@ultricesVivamus.co.uk,"Ap #460-9157 Ac Street",19,Non-Resident,10,F
Kessie,Wallace,amet@eutellus.com,"Ap #927-5499 Morbi Rd.",42,Resident,15,F
Bree,Moss,magnis.dis.parturient@mi.net,"Ap #449-6752 Tincidunt Ave",46,Resident,10,F
Desirae,Obrien,Praesent@acfermentum.edu,"947-7367 At Rd.",39,Non-Resident,15,F
Porter,Kane,Cras.eget@Vivamusmolestiedapibus.net,"6306 Ipsum St.",41,Non-Resident,18,M
Lyle,Roberson,magna.Cras.convallis@nisi.com,"Ap #367-8697 Tellus St.",53,Non-Resident,6,M
Jerome,Delacruz,et.ipsum@Quisque.edu,"960-6989 Mattis Avenue",36,Resident,4,M
Joshua,Bass,dui@inlobortistellus.net,"770-1145 Ante Rd.",20,Resident,1,M
India,Finley,at.auctor@Donec.edu,"Ap #906-7552 Vehicula St.",58,Resident,12,F
Autumn,Nielsen,vel@eu.com,"7091 Felis Av.",70,Resident,13,F
Drake,Oconnor,Nulla.interdum.Curabitur@temporlorem.co.uk,"8783 Nunc Ave",44,Resident,10,M
Alexis,Chapman,dictum@hendreritaarcu.net,"348-4291 Natoque St.",63,Non-Resident,5,F
Mufutau,Middleton,tempor@Namconsequatdolor.net,"356-8981 Vel St.",22,Resident,9,M
Lucian,Bass,euismod@semper.ca,"878-861 Ac Street",20,Non-Resident,4,M
Wilma,Hart,mauris@et.org,"6796 Vestibulum. Road",23,Non-Resident,12,F
Gil,Walker,euismod@nonenimMauris.co.uk,"118-5302 Consectetuer Rd.",45,Resident,20,M
Maryam,Powers,elementum.sem.vitae@Pellentesquehabitant.com,"357-4626 Duis St.",34,Non-Resident,13,F
Bradley,Fisher,eget.mollis.lectus@dictum.net,"Ap #600-6247 Sagittis St.",23,Resident,18,M
Nissim,Eaton,vulputate.eu@commodoipsum.co.uk,"7402 Vestibulum Av.",32,Non-Resident,11,M
Sybill,Lang,arcu.iaculis.enim@montesnasceturridiculus.net,"Ap #340-7223 Vulputate Street",34,Resident,8,F
Nita,Burke,lorem@Morbi.com,"5662 Ornare Street",41,Non-Resident,15,F
Hayley,Bryan,lorem.ut.aliquam@facilisis.net,"478-5590 Nunc St.",61,Non-Resident,13,F
Cameran,Levy,mollis.Duis.sit@fermentum.net,"2254 Quis St.",38,Resident,2,F
Cleo,Hinton,commodo@vitaemaurissit.com,"Ap #397-8209 Proin Ave",61,Resident,8,F
Phillip,Norton,elementum@dignissim.net,"Ap #524-1983 Eros Av.",19,Non-Resident,11,M
Phelan,Russell,magna@felisadipiscing.ca,"109-8793 Pede Road",55,Resident,9,M
Griffith,Drake,malesuada@et.ca,"6082 Facilisis Av.",23,Resident,16,M
Herrod,Macias,ultrices@risusDonec.org,"Ap #263-265 Tempus Ave",33,Resident,1,M
Minerva,Ayala,risus.at.fringilla@sedturpis.com,"105-9644 Metus Av.",64,Resident,19,F
Plato,Bailey,ullamcorper.magna.Sed@lobortisquama.co.uk,"138-8668 Sem Road",70,Non-Resident,20,M
Isabella,Langley,Suspendisse@libero.org,"2886 Urna Rd.",34,Resident,4,F
Desirae,Cooley,adipiscing.elit.Aliquam@ullamcorper.co.uk,"296 Quisque Ave",23,Non-Resident,2,F
Kellie,Yates,pede@vulputatemauris.ca,"436-6990 Aliquam Rd.",63,Non-Resident,11,F
Quail,Stokes,faucibus@nondapibus.ca,"Ap #528-9893 Eu St.",66,Non-Resident,16,F
Rajah,Gentry,lectus.rutrum.urna@egestasSed.edu,"1800 Vitae Rd.",26,Non-Resident,15,M
Lydia,Walton,Nullam@mollisvitae.net,"759-7678 Proin Rd.",65,Non-Resident,12,F
Hayden,Jacobs,posuere@tempus.net,"222-9724 A Rd.",46,Non-Resident,12,M
Cade,Mitchell,ut.dolor.dapibus@a.net,"593-8033 Id St.",40,Resident,15,M
Ivana,Pierce,amet.lorem.semper@Aliquamgravida.net,"2124 Curabitur Road",32,Resident,12,F
Aurelia,White,Curabitur.vel@Aliquamadipiscing.org,"853-9947 Feugiat. Street",40,Non-Resident,8,F
Arsenio,Bennett,fringilla.cursus@velturpisAliquam.org,"3543 Duis Av.",27,Non-Resident,6,M
Beatrice,Zamora,massa.Mauris@quispede.com,"727-8144 Dolor. Ave",51,Non-Resident,15,F
Louis,Tanner,pede.et.risus@indolorFusce.com,"568-2738 In Rd.",39,Resident,8,M
Jasmine,Stark,Fusce.fermentum@nuncsitamet.org,"Ap #231-5277 Nec St.",56,Non-Resident,19,F
Zephr,Holloway,neque.tellus@risus.co.uk,"433-1231 Commodo Ave",27,Resident,11,F
Nomlanga,Peck,velit@quamelementumat.co.uk,"3212 Aliquet Ave",22,Non-Resident,20,F
Rina,Wagner,sem@in.ca,"Ap #326-3176 Sed St.",60,Non-Resident,12,F
Branden,Michael,interdum@Integeraliquamadipiscing.org,"8065 Vel Rd.",26,Resident,1,M
Abraham,Herman,Nam@egestasurnajusto.com,"705-4166 Ante St.",60,Non-Resident,20,M
Adrienne,Bullock,odio.auctor@massaQuisque.org,"Ap #127-9374 Nisi. Rd.",70,Non-Resident,11,F
Allegra,Whitaker,enim@gravidanuncsed.edu,"565-9513 Eu Rd.",40,Non-Resident,13,F
Basia,Ramirez,Mauris@ipsum.ca,"Ap #167-3991 Vehicula Ave",45,Resident,13,F
Candace,Herman,ac.mattis@auctorvitaealiquet.org,"8125 Nec Rd.",67,Non-Resident,16,F
Cameron,Horn,nibh@aliquet.co.uk,"Ap #909-5743 Iaculis Av.",53,Resident,12,M
Salvador,Bennett,pede.nec.ante@erat.edu,"Ap #147-7757 Malesuada Ave",52,Resident,13,M
Alfreda,Mullins,dui.Suspendisse@anteMaecenasmi.org,"651-6338 Donec Av.",33,Resident,5,F
Dalton,Gill,Suspendisse.commodo@feugiatSednec.com,"789 Mauris Rd.",29,Resident,7,M
Serena,Fry,nisi@netuset.org,"Ap #399-3152 Metus. Av.",54,Non-Resident,17,F
August,Long,ac.libero@Aliquamadipiscing.ca,"4115 Quisque Rd.",34,Resident,16,M
Dana,Suarez,posuere@nequeMorbi.com,"Ap #412-4034 Placerat. Ave",20,Non-Resident,5,F
Brody,Shepherd,malesuada.fringilla@adipiscingelit.org,"7744 Ac Av.",29,Non-Resident,19,M
Gavin,Bruce,Integer@Vivamuseuismodurna.net,"3588 Orci Street",65,Non-Resident,6,M
Justin,Wallace,mi.ac@pedeultrices.org,"6981 Magna. St.",40,Resident,15,M
Sara,Sheppard,commodo.hendrerit.Donec@commodoauctor.org,"335-5955 Non Rd.",57,Resident,2,F
Ronan,Harmon,torquent@NullaaliquetProin.com,"506-5265 Donec Av.",63,Resident,10,M
Carolyn,Aguilar,lorem.auctor.quis@velarcu.net,"465-6183 Semper Road",70,Non-Resident,10,F
Bernard,Sullivan,Proin@orciDonec.net,"2430 Tristique Avenue",38,Resident,19,M
Thor,Walsh,velit.egestas@Nullamvitaediam.ca,"9937 Neque. St.",22,Non-Resident,1,M
Kiayada,Spears,tempus.non@dictumcursusNunc.com,"Ap #863-1518 Ac Road",30,Resident,20,F
Autumn,Fischer,ornare.elit.elit@porttitorinterdumSed.net,"Ap #637-5166 Curae; Rd.",56,Non-Resident,17,F
Nelle,Robles,sit@eutellus.com,"6050 Enim St.",53,Resident,12,F
Len,Howard,Duis@tinciduntnibh.ca,"431 Eu St.",34,Resident,3,M
Jordan,Oconnor,Fusce@duiFuscealiquam.co.uk,"997-8995 Gravida Ave",28,Non-Resident,19,M
Zeph,Stephens,Sed.pharetra@idliberoDonec.co.uk,"740-5651 Imperdiet St.",41,Non-Resident,1,M
Byron,Davenport,odio.a@scelerisqueloremipsum.org,"Ap #984-9745 Integer Rd.",67,Resident,8,M
Raven,Joseph,sem.ut.cursus@eueratsemper.net,"182-5314 Dictum St.",51,Non-Resident,6,F
Isabelle,Kent,vitae.risus@feugiatplaceratvelit.org,"Ap #960-5528 Gravida Av.",45,Non-Resident,5,F
Abdul,Larsen,non@orci.edu,"2809 Nullam Street",22,Resident,15,M
Russell,Frost,aliquet.magna@cursus.com,"Ap #892-4221 Neque. Avenue",62,Resident,9,M
Christopher,Wiley,vehicula@dis.co.uk,"528 Eget Road",28,Non-Resident,5,M
Claudia,Vazquez,elit@pharetranibh.edu,"461-5517 Donec St.",20,Non-Resident,6,F
Gregory,Cortez,sed@nisl.net,"519-8261 Scelerisque Rd.",61,Non-Resident,14,M
Constance,Ballard,lobortis.augue.scelerisque@elit.org,"956 Non Rd.",35,Non-Resident,9,F
Hanae,Leon,tincidunt.dui.augue@molestieorcitincidunt.co.uk,"8333 In St.",42,Resident,4,F
Pamela,Whitley,scelerisque.mollis.Phasellus@magnaa.ca,"Ap #881-4407 Lectus. Rd.",23,Resident,20,F
Brenden,Newman,Aliquam.fringilla.cursus@est.edu,"Ap #671-8775 Justo Road",31,Resident,6,M
Jessamine,Foley,enim.diam.vel@enimEtiam.net,"Ap #996-876 Quisque Rd.",47,Non-Resident,16,F
Wanda,Cantu,auctor.ullamcorper@mollisduiin.com,"Ap #217-5729 Rhoncus. Rd.",41,Resident,1,F
Meghan,Cole,luctus@non.edu,"453-2373 Sagittis. Street",23,Resident,10,F
Joseph,Merritt,cursus.luctus@nonmagnaNam.co.uk,"4534 Nibh. Rd.",35,Non-Resident,8,M
Ahmed,Vance,vel.est.tempor@musProin.edu,"2429 Enim. St.",25,Resident,11,M
Austin,Hickman,sodales.purus.in@InfaucibusMorbi.com,"952-1518 Nullam Ave",48,Resident,11,M
Mikayla,Peters,ornare.In.faucibus@leo.com,"Ap #291-708 Risus. Avenue",37,Resident,19,F
Conan,Santana,auctor.ullamcorper@anuncIn.co.uk,"Ap #696-9785 Egestas. Ave",54,Resident,20,M
Savannah,Gaines,Maecenas.libero@euodioPhasellus.com,"3615 Sed St.",41,Non-Resident,19,F
Yuri,Gill,egestas.Sed.pharetra@et.edu,"1724 Rutrum Rd.",36,Resident,14,F
Alika,Wilcox,pede@in.ca,"101-8362 Eu Road",28,Non-Resident,7,F
Ferris,Rosales,Aliquam@blanditNamnulla.org,"4514 Vitae Rd.",43,Non-Resident,6,M
Nadine,Sampson,elit.a.feugiat@dignissim.co.uk,"Ap #553-2997 Non Street",60,Resident,4,F
Blake,Sims,semper.auctor@Donecest.edu,"3970 Nibh Rd.",21,Resident,1,M
Murphy,Hawkins,Aenean@Proinegetodio.edu,"4888 Vivamus St.",31,Resident,12,M
Leo,Delgado,a.auctor@Fuscemollis.com,"453-8310 Lacus. Ave",44,Resident,17,M
Owen,Lowe,augue.Sed.molestie@urnanec.co.uk,"8126 Maecenas Street",54,Resident,6,M
Rudyard,Harrington,sodales@IntegerurnaVivamus.co.uk,"9397 Amet Street",66,Resident,18,M
Jade,Ford,justo@Aliquameratvolutpat.org,"861-4447 Dolor Rd.",39,Resident,17,F
Warren,Neal,non.bibendum@tempordiam.edu,"7590 Eu St.",61,Resident,8,M
Sonya,Ratliff,feugiat@luctus.com,"8439 Parturient St.",60,Non-Resident,12,F
Delilah,Romero,risus.at.fringilla@varius.co.uk,"8718 Pede Ave",67,Non-Resident,4,F
Jonah,Finley,penatibus@vitaesodales.edu,"995 Praesent Street",25,Resident,3,M
Brittany,Carter,parturient.montes.nascetur@lobortis.com,"3324 Vehicula. Street",50,Resident,3,F
Iola,Phelps,ligula@rutrumjustoPraesent.ca,"644-9860 Donec Rd.",30,Non-Resident,9,F
Dana,Cain,ultrices.posuere.cubilia@nullaDonec.ca,"3565 Massa. St.",61,Non-Resident,3,F
Quentin,Dean,eu@a.net,"4374 Ipsum Avenue",70,Resident,17,M
Griffin,Johnson,rutrum@arcu.net,"2547 Ridiculus Road",43,Non-Resident,7,M
Jarrod,Shepard,auctor.Mauris@massaInteger.com,"Ap #407-1858 Dui. Road",44,Non-Resident,8,M
Lev,Barr,nec@auctor.co.uk,"927-1234 Dapibus St.",36,Resident,20,M
August,Doyle,sit@lacinia.com,"7997 Erat. St.",43,Non-Resident,15,M
Kim,Buchanan,amet.massa@nislarcuiaculis.ca,"453-9436 Dolor St.",22,Resident,12,F
Ryan,Blake,Proin@nonluctus.org,"1386 A Rd.",63,Non-Resident,11,M
Illiana,Nicholson,Sed.et@metus.org,"397-7809 Duis Rd.",27,Resident,14,F
Oleg,Trevino,nunc@pedeblandit.edu,"2173 Nulla St.",25,Resident,3,M
Levi,Hoffman,tortor.at@fringilla.org,"9095 Volutpat Road",61,Resident,19,M
Xaviera,Mcgee,nunc.risus@tellus.ca,"205-9983 Ac St.",20,Non-Resident,10,F
Lila,Sheppard,mi.ac.mattis@dignissimpharetraNam.com,"112-9358 Nunc Road",69,Non-Resident,5,F
Damian,Berger,nec.urna@massaQuisqueporttitor.org,"Ap #579-5163 Felis. Rd.",64,Non-Resident,2,M
Meredith,Mathews,Etiam@imperdiet.com,"339-9089 Faucibus Rd.",28,Non-Resident,17,F
Berk,Neal,feugiat@commodoauctor.ca,"269-6034 Gravida Rd.",45,Non-Resident,5,M
Madaline,Albert,a.purus.Duis@Maecenas.edu,"485-2810 Pede. Rd.",40,Resident,8,F
Naomi,Livingston,dictum@molestieSed.edu,"380 Feugiat Avenue",47,Resident,20,F
Kelly,Barron,Duis.gravida@odiotristique.edu,"6168 Ligula. Ave",24,Non-Resident,8,F
Allen,Byers,egestas@convallisdolorQuisque.org,"4388 Ac Rd.",54,Non-Resident,7,M
Zorita,Barnes,Integer.vulputate@enimSednulla.ca,"Ap #115-3684 Cras Rd.",41,Non-Resident,1,F
Tara,Haynes,urna.Vivamus@Aliquamerat.co.uk,"6490 Erat Street",47,Resident,12,F
Merrill,Cohen,vel.vulputate@placerat.org,"409-4627 Ac Ave",24,Non-Resident,2,M
Caldwell,Fitzpatrick,risus.odio@placerat.net,"Ap #391-1284 Ac Av.",36,Non-Resident,14,M
Michael,Murray,Sed.molestie.Sed@Duis.net,"917-4354 Dui. Rd.",58,Resident,10,M
Dylan,Case,egestas.Aliquam.nec@orciconsectetuer.net,"Ap #923-5502 Dictum St.",32,Resident,17,M
Kennan,Olson,molestie@risusaultricies.ca,"7421 Sed St.",55,Non-Resident,17,M
Mason,Leon,pede.malesuada@ultricessit.com,"968 In St.",65,Non-Resident,18,M
Graiden,Mcdonald,aliquet.nec@afeugiat.co.uk,"Ap #752-2818 Leo. Avenue",49,Non-Resident,9,M
Elton,Christian,commodo.tincidunt@euismodindolor.net,"409-3638 Ac St.",64,Non-Resident,9,M
Allistair,Nichols,Curabitur.massa@magnanec.edu,"9144 Dolor Av.",41,Resident,10,M
Christian,Harding,pellentesque.tellus@sodaleseliterat.edu,"991-4375 Neque. Av.",40,Non-Resident,17,M
Hayfa,Patterson,Nulla.eu.neque@erosProinultrices.net,"Ap #208-9256 Integer Road",61,Non-Resident,5,F
Fritz,Nelson,amet@cursusinhendrerit.ca,"282-9188 Dui. Street",54,Non-Resident,9,M
Calvin,Yang,pharetra.Quisque@tellus.ca,"147-7357 Suspendisse St.",29,Resident,3,M
Cherokee,Hess,ante@liberoatauctor.ca,"520-8414 Mollis Rd.",63,Resident,11,F
Stone,Webster,ut.mi@eros.edu,"Ap #542-7226 Tristique Street",25,Non-Resident,15,M
Macon,Kane,magna.Phasellus@auctorodio.net,"864-2735 Aliquet Road",19,Resident,19,M
Lila,Estes,a.purus.Duis@utpellentesqueeget.co.uk,"241-822 Tincidunt Rd.",65,Non-Resident,20,F
Perry,Acevedo,Nam.ligula@egestasascelerisque.org,"169-2182 Mollis Avenue",44,Non-Resident,7,M
Jared,Grimes,felis@duiCum.com,"Ap #329-5761 Libero Rd.",43,Resident,14,M
Brielle,Warren,luctus@tristiquesenectus.net,"536-1370 Ac Rd.",63,Non-Resident,9,F
Tallulah,Rojas,lorem.semper.auctor@Pellentesqueultricies.co.uk,"Ap #603-8848 Arcu Avenue",30,Non-Resident,8,F
Haviva,Pratt,aptent.taciti@velit.edu,"695 Interdum Street",24,Resident,17,F
Mason,Elliott,orci.Ut@consectetueradipiscingelit.ca,"8077 Mus. Avenue",43,Non-Resident,19,M
Stewart,Glenn,blandit.congue.In@Nuncsed.org,"284-2459 Sem St.",45,Resident,11,M
Shafira,Cole,eget.venenatis.a@mitempor.net,"686-7767 Ultricies Rd.",40,Non-Resident,13,F
Sara,Gibbs,Praesent.eu.nulla@semconsequatnec.co.uk,"Ap #154-7912 Netus Rd.",25,Resident,6,F
Bradley,Lindsay,a.scelerisque.sed@est.net,"1876 Aliquam Rd.",60,Non-Resident,18,M
Merritt,Hogan,tincidunt.aliquam.arcu@fermentummetusAenean.co.uk,"420-6227 Eros Road",61,Non-Resident,19,M
Hunter,Wooten,egestas@ipsum.edu,"5362 Mi St.",41,Resident,5,M
Keely,Perry,blandit.enim.consequat@malesuadavelconvallis.com,"3047 Mi Av.",52,Resident,13,F
Robert,Pearson,tincidunt.tempus.risus@eu.net,"958-6515 Pretium St.",52,Resident,4,M
Genevieve,Clay,Quisque.imperdiet@necurna.co.uk,"8728 Gravida St.",36,Non-Resident,9,F
Carlos,Hill,facilisis@orciquis.net,"5656 Nunc Avenue",24,Non-Resident,16,M
Bruno,Gilmore,ipsum.non@semperrutrum.co.uk,"Ap #460-4905 Ultricies Rd.",18,Non-Resident,4,M
Lewis,Randall,Nullam.nisl@eu.edu,"Ap #337-5187 Turpis Ave",35,Non-Resident,9,M
Kareem,Kinney,leo.elementum@iderat.co.uk,"Ap #363-9792 Nulla Ave",65,Non-Resident,20,M
Quinn,Haynes,id.erat.Etiam@quamCurabitur.ca,"175-2282 Orci Street",59,Resident,12,M
Alden,Mcclure,interdum@ligula.ca,"Ap #369-9218 Nulla Street",43,Resident,9,M
Dominic,Sears,pede@nonante.edu,"4052 Donec Av.",56,Resident,7,M
Carly,Graves,est.mauris.rhoncus@pedePraesenteu.com,"Ap #259-3122 Phasellus St.",41,Resident,9,F
Brittany,Barlow,volutpat.Nulla.facilisis@mi.net,"5392 Pellentesque Rd.",46,Non-Resident,20,F
Amity,George,dui.Cras@porttitorinterdumSed.com,"Ap #920-3144 Morbi Street",20,Resident,13,F
Rowan,Rivera,dictum.eu@Phaselluselit.net,"598-5687 Nibh. Rd.",38,Resident,5,F
Sharon,Bray,metus.In@atvelitPellentesque.co.uk,"862 Lectus St.",28,Non-Resident,11,F
Peter,Price,luctus.et.ultrices@dictum.ca,"1683 Augue Road",52,Resident,6,M
Anne,Charles,egestas@odioauctorvitae.com,"3454 Euismod Av.",32,Resident,5,F
Wesley,Craig,luctus@malesuada.co.uk,"2066 Porttitor Road",20,Non-Resident,6,M
Jillian,Frye,ipsum.sodales@feugiat.edu,"Ap #823-6169 Et Ave",62,Resident,1,F
Prescott,Shepard,amet.ornare.lectus@nostraper.org,"605-9655 Nisl. Road",68,Resident,2,M
Scarlett,Sawyer,Nunc.commodo.auctor@ipsum.net,"646-9499 Pede. St.",21,Non-Resident,2,F
Philip,Simon,ante.ipsum.primis@nullaanteiaculis.co.uk,"Ap #631-6521 Ipsum St.",41,Non-Resident,1,M
Bernard,Grant,enim.commodo@mauriseu.edu,"6223 Ornare St.",49,Non-Resident,11,M
Erica,Salinas,lorem@egestasFuscealiquet.net,"299 Magna Road",26,Non-Resident,6,F
Caryn,Chandler,et@Suspendisse.ca,"Ap #559-9568 Lorem Ave",25,Resident,8,F
Blossom,Simpson,Nullam.enim.Sed@feugiat.edu,"826-1504 Parturient Road",55,Non-Resident,17,F
Kylynn,Fox,Quisque@rutrumeuultrices.ca,"4021 Lorem Ave",56,Non-Resident,3,F
Buffy,Cote,ac.arcu.Nunc@rhoncusProinnisl.ca,"Ap #605-4374 Nascetur Ave",61,Non-Resident,12,F
Ivan,Williams,a.magna.Lorem@purusin.co.uk,"8258 Sem Road",28,Non-Resident,3,M
Keegan,Morton,Duis.volutpat.nunc@sociis.net,"7175 Fringilla Road",38,Non-Resident,12,M
Hedy,Spence,sed.est.Nunc@ullamcorper.edu,"Ap #710-5913 Donec St.",31,Non-Resident,8,F
Kenyon,Hubbard,turpis.vitae.purus@faucibus.com,"Ap #145-3766 Massa. Street",69,Resident,16,M
Colorado,Newman,aptent.taciti@sedsapien.ca,"Ap #901-5530 Morbi Street",18,Resident,13,M
Kirsten,Faulkner,vulputate@ornarelectus.com,"117-5292 Malesuada. Street",59,Non-Resident,12,F
Iliana,Giles,Integer.aliquam@idmagna.co.uk,"Ap #158-750 Metus Street",22,Non-Resident,2,F
Duncan,Williams,Curabitur@Aeneansed.edu,"9603 Porttitor St.",62,Non-Resident,7,M
Tyler,Ryan,Maecenas.mi@felisullamcorperviverra.net,"Ap #892-4543 Dolor Ave",54,Resident,1,M
Nell,Herring,Etiam.laoreet@ligula.net,"4393 Ipsum Rd.",62,Resident,2,F
Clark,Cohen,montes.nascetur.ridiculus@afelis.ca,"1844 Amet Ave",35,Non-Resident,11,M
Sharon,Randolph,dolor.quam.elementum@velit.co.uk,"960 Sagittis Road",52,Non-Resident,13,F
Eleanor,Hester,nunc@ami.net,"Ap #262-5844 In Av.",50,Non-Resident,13,F
Travis,Greer,neque.et@montes.ca,"Ap #892-7320 Curae; Street",61,Non-Resident,4,M
Hadley,Odom,pharetra@in.co.uk,"Ap #979-6023 Dui Rd.",67,Resident,10,F
Fritz,Frederick,feugiat.nec.diam@Sedmolestie.net,"Ap #805-8481 Cras Rd.",27,Non-Resident,15,M
Gareth,Farrell,amet.ornare.lectus@fringilla.edu,"1627 Quam. St.",27,Non-Resident,7,M
Magee,Gross,in@nibhsitamet.ca,"Ap #713-5065 Vestibulum Road",22,Non-Resident,7,M
Farrah,Golden,enim.gravida.sit@congueturpisIn.edu,"Ap #379-4576 Non Ave",22,Resident,19,F
Nehru,Cameron,mauris.blandit.mattis@porttitorvulputateposuere.edu,"965-8779 Enim Ave",51,Non-Resident,12,M
Baker,Robinson,ipsum@anunc.edu,"Ap #348-2384 Sem Rd.",41,Resident,14,M
Zane,Burks,natoque.penatibus@varius.com,"Ap #165-4327 Ullamcorper St.",40,Non-Resident,3,M
Noah,Mcfadden,Aliquam@anteNunc.edu,"964-3755 Nec Rd.",31,Non-Resident,19,M
Uta,Dillon,nunc@in.edu,"1129 Felis Rd.",60,Non-Resident,6,F
Chester,White,et.magna.Praesent@placerat.net,"253-4465 Posuere Street",34,Non-Resident,1,M
Dale,James,sed.facilisis@justonecante.co.uk,"1889 Magnis Avenue",20,Resident,7,M
Aiko,Hunter,nisi@Sedeu.co.uk,"8493 Vehicula Ave",20,Non-Resident,6,F
Quail,Benton,est@urnanecluctus.co.uk,"Ap #156-3505 Aenean Avenue",69,Resident,12,F
Raymond,Dyer,gravida@faucibusut.org,"Ap #311-462 Quam St.",32,Resident,19,M
Quin,Giles,aliquet.libero.Integer@fringillaporttitor.org,"640-6238 Sed Road",57,Non-Resident,10,F
Julian,Rivers,ultricies@ac.org,"685-9347 Feugiat Street",40,Non-Resident,2,M
Reagan,Lloyd,In.mi@scelerisque.ca,"Ap #475-541 Duis Rd.",40,Non-Resident,8,F
Hadley,Duke,consequat.dolor.vitae@idmagna.org,"362-2170 Nonummy Road",36,Resident,9,F
Aubrey,Cannon,vel.turpis@duiSuspendisseac.co.uk,"214-4486 Nullam Rd.",57,Resident,17,F
Merritt,Cain,quis.urna@Nam.org,"Ap #861-3060 Sed Rd.",26,Non-Resident,1,M
Emma,Battle,Donec.dignissim.magna@fermentumfermentumarcu.ca,"9482 Adipiscing Rd.",59,Resident,10,F
Wang,Collins,rutrum.Fusce@malesuadafamesac.com,"7881 Pellentesque St.",66,Non-Resident,8,M
Oscar,Bernard,ac.metus@luctusaliquet.ca,"1565 Nec St.",67,Non-Resident,20,M
Dennis,Roth,malesuada.ut@elementumlorem.co.uk,"3671 Adipiscing Rd.",45,Non-Resident,2,M
Celeste,Richards,Curabitur.ut@lectus.edu,"4222 Risus Ave",35,Non-Resident,7,F
Laith,Reeves,auctor.odio@interdumliberodui.net,"2676 Tincidunt St.",22,Non-Resident,7,M
Imani,Hester,nibh.enim.gravida@idmollis.co.uk,"2086 Turpis Street",32,Non-Resident,3,F
Taylor,Guy,imperdiet.nec.leo@dignissimtempor.com,"683-6788 Nunc Street",41,Resident,15,F
Vanna,Mayer,Suspendisse@disparturient.ca,"951-541 Egestas Rd.",40,Non-Resident,13,F
Danielle,Fulton,Mauris.non@Nulla.edu,"163-3023 Interdum. Rd.",65,Resident,14,F
Illiana,Mcclure,arcu@interdumenim.edu,"6806 Vel Street",54,Resident,16,F
Beatrice,Riddle,sit@nulla.com,"Ap #374-3122 Vel St.",31,Non-Resident,13,F
Sebastian,Beasley,senectus.et@enimNuncut.net,"474-3842 Morbi Avenue",35,Non-Resident,20,M
Clio,Melton,odio.Nam.interdum@purus.org,"1694 Ut Rd.",42,Resident,8,F
Sara,Elliott,egestas.Duis.ac@nonlobortisquis.ca,"Ap #962-6027 Nulla St.",18,Non-Resident,11,F
Kamal,Livingston,mi.ac@disparturient.ca,"8701 Mauris Street",53,Resident,3,M
Buffy,Dawson,mus.Proin@elitelit.co.uk,"2518 Tincidunt Rd.",55,Non-Resident,5,F
Rosalyn,Shelton,fermentum@Phasellusat.org,"2324 In Ave",34,Resident,9,F
Cameron,Blanchard,Suspendisse@accumsanlaoreetipsum.com,"199 Erat. Street",34,Resident,10,M
Amanda,Glenn,blandit@idlibero.org,"393-474 Elit Rd.",61,Resident,15,F
